{"cameraMode":{"drawMode":0,"name":"Shaded","section":"Shading Mode"},"sceneLighting":false,"audioPlay":false,"sceneViewState":{"m_AlwaysRefresh":false,"showFog":false,"showSkybox":false,"showFlares":false,"showImageEffects":false,"showParticleSystems":false,"showVisualEffectGraphs":true,"m_FxEnabled":true},"in2DMode":false,"pivot":{"x":0.23903387784957887,"y":1.4083882570266724,"z":0.4599875211715698},"rotation":{"x":-0.00860294047743082,"y":0.9893577694892883,"z":-0.06570032238960266,"w":-0.12954629957675935},"size":0.538943350315094,"orthographic":false}